y,w,ids
1.0400260861664676,1.0,OC1CCCCCC1
1.998309425752283,1.0,CN(C)C(=O)C
-0.2649728335709997,1.0,Clc1ccc(Cl)c(Cl)c1
-0.06753757265130925,1.0,C1CCC=CCC1
0.4766132684200334,1.0,CNC(=O)Oc1ccccc1OC(C)C
-0.3709137052840046,1.0,CCCCCCBr
1.5360219855500805,1.0,CCC(C)(C)O
1.1633027368870548,1.0,Cc2c(N)c(=O)n(c1ccccc1)n2C
-0.1739599937811911,1.0,Nc1nc(O)nc2nc[nH]c12 
1.6178853864192206,1.0,CC=CC=O
1.2567233237612498,1.0,CCOC(C)OCC
-1.8877943684474814,1.0,CCCCC(CC)COC(=O)c1ccccc1C(=O)OCC(CC)CCCC
-0.44314611781559865,1.0,O(c1ccccc1)c2ccccc2
-1.2391473039137662,1.0,CC1CC2C3CC(F)C4=CC(=O)C=CC4(C)C3(F)C(O)CC2(C)C1(O)C(=O)CO
-0.5091183879277882,1.0,O=C1NC(=O)C(N1)(c2ccccc2)c3ccccc3
0.27869645808346544,1.0,Cc1cc(no1)C(=O)NNCc2ccccc2
0.39571296638464787,1.0,CN(C)C(=O)NC1CCCCCCC1
-0.019382630963579787,1.0,CCCCCBr
-0.30060749041991963,1.0,COc2c1occc1cc3ccc(=O)oc23 
-0.7373728115276258,1.0,OCC(O)COC(=O)c1ccccc1Nc2ccnc3cc(Cl)ccc23
0.8811147785969604,1.0,CC(C)COC(=O)C
0.6307090818207675,1.0,CCCBr
1.7719811998199548,1.0,OCC1OC(O)(CO)C(O)C1O
1.6467783514318581,1.0,Cc1cccnc1C
-2.0948606177047178,1.0,Clc1ccc(c(Cl)c1)c2cc(Cl)c(Cl)c(Cl)c2Cl 
0.9292697202846898,1.0,COc1ncnc2nccnc12 
-1.0210054180683519,1.0,CCCCC(C)CC
-1.0797544469273817,1.0,CC34CCC1C(=CCc2cc(O)ccc12)C3CCC4=O
1.6323318689255395,1.0,OC1C(O)C(O)C(O)C(O)C1O
0.3947498675508932,1.0,O=N(=O)OCC(CON(=O)=O)ON(=O)=O 
0.3128864666817532,1.0,ClCc1ccccc1
0.47179777425126035,1.0,CC(=C)C1CC=C(C)C(=O)C1
0.505506233432671,1.0,C1(=O)NC(=O)NC(=O)C1(O)C2(O)C(=O)NC(=O)NC2(=O)
0.20213010079997554,1.0,CCN2c1ncccc1N(C)C(=O)c3cccnc23 
0.25124814132145973,1.0,CCOC(=O)N(C)C(=O)CSP(=S)(OCC)OCC
-0.6839208262542458,1.0,Oc1cc(Cl)ccc1Oc2ccc(Cl)cc2Cl
0.16745854278481032,1.0,CC(=O)Nc1ccc(cc1)N(=O)=O
0.8040668718965933,1.0,Nc1cccc(Cl)c1
0.8762992844281875,1.0,Cc1ncc(N(=O)=O)n1CCO
0.5343991984453086,1.0,c1ccccc1C(O)C(O)c2ccccc2
0.33840858577624977,1.0,CCC1(CCC(=O)NC1=O)c2ccccc2 
0.2753256121653243,1.0,CCC1(CCC(C)C)C(=O)NC(=O)NC1=O
0.16360614744979196,1.0,Fc1ccccc1Br
-0.08872574699391021,1.0,CNC(=O)Oc1cccc2ccccc12
-0.44073837073121225,1.0,CC12CCC3C(CCc4cc(O)ccc34)C2CCC1=O
-0.4913010595033279,1.0,CCNc1nc(Cl)nc(n1)N(CC)CC
-2.6775354121262436,1.0,c1ccc2cc3cc4ccccc4cc3cc2c1
-2.6775354121262436,1.0,Clc1cccc(c1Cl)c2c(Cl)c(Cl)cc(Cl)c2Cl 
1.7430882348073171,1.0,CCC=O
0.505506233432671,1.0,NC(=N)NS(=O)(=O)c1ccc(N)cc1 
1.1459669578794722,1.0,CCOC(=O)CC
-1.907056345122573,1.0,CCCCCCCCCCCCCCCCO
-0.5346405070222847,1.0,CC(C)(C)Cc1ccccc1
-1.4303224224140518,1.0,Cc1ccc(OP(=O)(Oc2cccc(C)c2)Oc3ccccc3C)cc1
0.5632921634579462,1.0,C=CC=C
0.5599213175398052,1.0,CN1CC(O)N(C1=O)c2nnc(s2)C(C)(C)C
-0.1156925143390385,1.0,CCc1ccccc1CC
0.7626536220451461,1.0,Cc1cc(cc(N(=O)=O)c1O)N(=O)=O
0.7896203893902746,1.0,Cc1cc(C)cc(O)c1
1.2230148645798393,1.0,CC(C)(C)CCO
1.738272740638544,1.0,C=CC=O
-0.20237140937695153,1.0,O=C(C=CC=Cc2ccc1OCOc1c2)N3CCCCC3
-2.4160540787618734,1.0,c1ccc2c(c1)ccc3c4ccccc4ccc23
-0.18310943270185975,1.0,CCOC2Oc1ccc(OS(C)(=O)=O)cc1C2(C)C
0.8088823660653662,1.0,CC
-0.4913010595033279,1.0,CCCCc1ccccc1
0.8474063194155499,1.0,CC(=O)c1ccccc1
0.8425908252467769,1.0,Cc1cccc(C)c1O
-0.020345729797334268,1.0,CCCCOC(=O)c1ccc(N)cc1
-0.500932047840874,1.0,C(c1ccccc1)c2ccccc2
-1.5892337299835588,1.0,CCOP(=S)(OCC)SC(CCl)N1C(=O)c2ccccc2C1=O
-1.5651562591396941,1.0,ClC4=C(Cl)C5(Cl)C3C1CC(C2OC12)C3C4(Cl)C5(Cl)Cl
0.11545120576206272,1.0,Cc1ccccc1C
-0.9824814647181682,1.0,CCCCCC(C)C
-0.15903196185799512,1.0,Oc1c(Cl)c(Cl)cc(Cl)c1Cl
-0.21200239771449744,1.0,CC34CC(=O)C1C(CCC2=CC(=O)CCC12C)C3CCC4(=O) 
1.7430882348073171,1.0,COC=O
1.6178853864192206,1.0,NC(=S)N
-0.2649728335709997,1.0,CC(=O)N(S(=O)c1ccc(N)cc1)c2onc(C)c2C 
-0.00012065428848799956,1.0,C1Cc2ccccc2C1
0.6114471051456757,1.0,C1SC(=S)NC1(=O)
1.3915571604868924,1.0,OCCCC=C
0.3610414083694827,1.0,O=N(=O)c1cccc(c1)N(=O)=O
1.82976712984523,1.0,c1ccncc1
0.07211175824310609,1.0,O=N(=O)c1cc(cc(c1)N(=O)=O)N(=O)=O
0.7318344593649992,1.0,CCC(CC)C=O
-0.048275595976217466,1.0,BrC(Br)(Br)Br
-0.3468362344401397,1.0,CC(C)c1ccccc1C
-0.21200239771449744,1.0,O=N(=O)c1c(Cl)c(Cl)ccc1
-0.49611655367210117,1.0,CCC(=C(CC)c1ccc(O)cc1)c2ccc(O)cc2 
0.5006907392638981,1.0,ClCC(C)C
0.014325828217830947,1.0,CCCCCC#C
1.0544725686727863,1.0,Cc1cccc(N)c1
0.42845832673230394,1.0,C1N(C(=O)NCC(C)C)C(=O)NC1
-0.21200239771449744,1.0,Oc1ccc(cc1)c2ccccc2
0.6547865526646321,1.0,BrCCBr
-0.2649728335709997,1.0,CC1CC2C3CCC4=CC(=O)C=CC4(C)C3(F)C(O)CC2(C)C1(O)C(=O)CO
0.2984399841754345,1.0,Oc1cccc2cccnc12 
0.6933105060148157,1.0,CCCCC(C)(O)CC
-0.7031828029293375,1.0,c1(Br)c(Br)cc(Br)cc1
-0.16384745602676798,1.0,CCC(C)c1cc(cc(N(=O)=O)c1O)N(=O)=O 
-1.6999900958653367,1.0,Cc1c2ccccc2c(C)c3ccccc13
-0.26593593240475444,1.0,CON(C)C(=O)Nc1ccc(Cl)c(Cl)c1
1.17485992289211,1.0,CCS
0.678864023508497,1.0,O=Cc2ccc1OCOc1c2 
-0.03382911346989852,1.0,CC12CC(=O)C3C(CCC4=CC(=O)CCC34C)C2CCC1(O)C(=O)CO
0.283030402835361,1.0,CCCOC(=O)c1ccc(N)cc1
-0.8876162295933412,1.0,CCCCNC(=O)n1c(NC(=O)OC)nc2ccccc12
0.9340852144534628,1.0,CC(C)OC(C)C
1.6949332931195877,1.0,COCOC
0.3788587367939425,1.0,CSc1nnc(c(=O)n1N)C(C)(C)C
-0.35165172860891275,1.0,Cc1ccc2ccccc2c1
0.3692277484563966,1.0,Sc1nccc(=O)[nH]1 
-0.3107200281743428,1.0,Cc3cc2nc1c(=O)[nH]c(=O)nc1n(CC(O)C(O)C(O)CO)c2cc3C
-0.9680349822118492,1.0,CC(C)CCC(C)(C)C
-0.39017568195909635,1.0,CC1CCCCC1
0.7414654477025451,1.0,c2ccc1scnc1c2 
-0.7657842271233858,1.0,CC(=O)OCC(=O)C3CCC4C2CCC1=CC(=O)CCC1(C)C2CCC34C 
0.38030338504457445,1.0,CCCCC(=O)OCC
0.6403400701583134,1.0,FC(F)(F)C(Cl)Br 
-0.00012065428848799956,1.0,FC(F)(Cl)C(F)(Cl)Cl
1.5119445147062158,1.0,CC(C)CO
0.6865688141785335,1.0,O=C1NC(=O)NC(=O)C1(CC)CC=C
-0.2408953627271351,1.0,Brc1cccc(Br)c1
-0.5394560011910576,1.0,CC34CCC1C(CCC2CC(O)CCC12C)C3CCC4=O
0.34563182702940926,1.0,O=C1NC(=O)NC(=O)C1(CC)c1ccccc1
0.5059877828495482,1.0,Nc1cc(nc(N)n1=O)N2CCCCC2 
-2.725208804397096,1.0,c1ccc2c(c1)cc3ccc4cccc5ccc2c3c45
0.505506233432671,1.0,Oc2ccc1CCCCc1c2 
2.1090657916340607,1.0,CNN
0.4091963500572121,1.0,ON=Cc1ccc(o1)N(=O)=O 
0.505506233432671,1.0,CC(C)=CCCC(O)(C)C=C
1.4445275963433948,1.0,CCOC(=O)C
-0.22163338605204333,1.0,Brc1ccccc1Br
0.7318344593649992,1.0,c2ccc1[nH]ccc1c2
-1.6999900958653367,1.0,Clc1ccc(c(Cl)c1)c2cc(Cl)ccc2Cl 
0.1780526299561109,1.0,Fc1cccc(Br)c1
-0.3660982111152315,1.0,CCCCCCCCC(=O)OCC
1.670855822275723,1.0,CC(C)O
1.1652289345545639,1.0,CC(C)N(=O)=O
-0.7176292854356565,1.0,c1ccc(Cl)cc1C(c2ccc(Cl)cc2)(O)C(=O)OC(C)C
1.2374613470861584,1.0,CCC(C)CO
-2.2922958786244085,1.0,Clc1ccc(c(Cl)c1)c2ccc(Cl)c(Cl)c2Cl 
0.9957235398137565,1.0,Nc1nc(=O)[nH]cc1F
1.3963726546556652,1.0,CCC(=O)OC
0.20405629846748471,1.0,CCOC(=O)c1ccc(N)cc1
0.7655429185464099,1.0,c1ccc2cnccc2c1
-0.6068729195538786,1.0,CC34CCC1C(CCc2cc(O)ccc12)C3CCC4(O)C#C 
0.5536611751204005,1.0,CCCCCOC(=O)C
0.22139207747506734,1.0,CCCCCCCC(=O)C
1.17485992289211,1.0,O=C1CCCCC1
-0.4845593676670461,1.0,CNc2cnn(c1cccc(c1)C(F)(F)F)c(=O)c2Cl
1.844213612351549,1.0,OCC2OC(OC1(CO)OC(CO)C(O)C1O)C(O)C(O)C2O 
-0.28905030441486457,1.0,CCOP(=S)(OCC)Oc1cc(C)nc(n1)C(C)C
-0.15421646768922206,1.0,CCCC(C)C1(CC)C(=O)NC(=S)NC1=O 
-0.37428455120214565,1.0,CC(=O)C1(O)CCC2C3CCC4=CC(=O)CCC4(C)C3CCC21C
1.328955736292844,1.0,CCC(=O)CC
0.6933105060148157,1.0,C1OC1c2ccccc2 
-1.4351379165828246,1.0,Fc1cccc(F)c1C(=O)NC(=O)Nc2ccc(Cl)cc2
0.4573512917449416,1.0,CCCCCCC(C)O
0.5970006226393568,1.0,O=N(=O)c1ccccc1
-0.04346010180744441,1.0,COc1ccc(C=CC)cc1
-1.4255069282452788,1.0,c1ccc2c(c1)c3cccc4cccc2c34
-0.7705997212921586,1.0,ClC1C(Cl)C(Cl)C(Cl)C(Cl)C1Cl
-2.316373349468273,1.0,C1Cc2c3c1cccc3cc4c2ccc5ccccc54
0.5392146926140816,1.0,CCCC(=O)OC
-1.3484590215449117,1.0,CCCCCCCCCCCCCCO
0.4477203034073957,1.0,CCCCC(CC)CO
-0.06753757265130925,1.0,CCCCC
-0.4624080944906904,1.0,Cc1cc(C)c(C)c(C)c1C
-2.6582734354511524,1.0,Clc1cc(Cl)c(cc1Cl)c2cc(Cl)c(Cl)cc2Cl 
-1.16547024313154,1.0,OC1C=CC2C1C3(Cl)C(=C(Cl)C2(Cl)C3(Cl)Cl)Cl 
-0.019382630963579787,1.0,Cc1ccc(Cl)cc1
0.5295837042765357,1.0,c2c(C)cc1nc(C)ccc1c2 
0.019141322386603786,1.0,CCC(=O)Nc1ccc(Cl)c(Cl)c1
0.5921851284705839,1.0,CCCCCCCO
-0.7484484481158029,1.0,O=c2[nH]c1CCCc1c(=O)n2C3CCCCC3
1.1074430045292887,1.0,CC(C)CC(=O)C
0.6355245759895404,1.0,CCCCCC(C)(C)O
0.9629781794661004,1.0,c2ccc1NCCc1c2 
0.7173879768586804,1.0,Oc1ccc(Cl)cc1Cl
1.0785500395166512,1.0,CCCC(O)CC
-1.3484590215449117,1.0,Cc1ccc2c(ccc3ccccc32)c1
-0.33720524610259406,1.0,CCCC(C)C
0.004694839880285054,1.0,CCCC(=C)C
1.2885055852751515,1.0,CN(C)c2c(C)n(C)n(c1ccccc1)c2=O 
0.057665275736787355,1.0,c1(OC)ccc(CC=C)cc1
0.004694839880285054,1.0,CC2=CC(=O)c1ccccc1C2=O 
0.6258935876519945,1.0,ClC(Cl)C(Cl)Cl
0.31770196085052627,1.0,Clc1ccccc1
-1.0739758539248538,1.0,CC(=O)C3(C)CCC4C2C=C(C)C1=CC(=O)CCC1(C)C2CCC34C
-1.4279146753296652,1.0,CCC(C)C(=O)OC2CC(C)C=C3C=CC(C)C(CCC1CC(O)CC(=O)O1)C23 
-0.03864460763867157,1.0,CCCCCCCl
-0.47203908282823615,1.0,CC12CCC3C(CCC4=CC(=O)CCC34C)C2CCC1O
-0.7224447796044293,1.0,Clc1ccccc1c2ccccc2
1.0881810278541968,1.0,c2ccc1[nH]nnc1c2
-3.0300295852804235,1.0,c1cc2ccc3ccc4ccc5ccc6ccc1c7c2c3c4c5c67
-1.7322539067961156,1.0,c1(C(=O)OCCCCCC(C)(C))c(C(=O)OCCCCCC(C)(C))cccc1
-0.414253152802961,1.0,CC(C#C)N(C)C(=O)Nc1ccc(Cl)cc1
0.582554140133038,1.0,c1c(NC(=O)OC(C)C(=O)NCC)cccc1
-0.7513377446170668,1.0,o1c2ccccc2c3ccccc13
0.7222034710274533,1.0,BrC(Cl)Cl
0.837775331078004,1.0,CC(C)C(=O)C(C)C
-2.0693384986102217,1.0,CC1(C)C(C=C(Cl)Cl)C1C(=O)OC(C#N)c2ccc(F)c(Oc3ccccc3)c2
-0.7609687329546129,1.0,C(Cc1ccccc1)c2ccccc2
-0.6116884137226515,1.0,CC5(C)OC4CC3C2CCC1=CC(=O)C=CC1(C)C2(F)C(O)CC3(C)C4(O5)C(=O)CO 
-0.6309503903977433,1.0,Brc1cccc2ccccc12
0.9292697202846898,1.0,CCCC(C)CO
0.6258935876519945,1.0,Cc1ccc(cc1)S(=O)(=O)N
-0.16866295019554103,1.0,CCCCCCCC(=O)OCC
0.6114471051456757,1.0,NC(=S)Nc1ccccc1
0.2551005366564781,1.0,CCC(C)(C)Cl
-0.7888985991334959,1.0,O=C1N(COC(=O)CCCC)C(=O)C(N1)(c2ccccc2)c3ccccc3
-0.30831228108995634,1.0,CCC(C)CC
-0.00012065428848799956,1.0,Clc1cccc(Cl)c1
-2.4993621278816454,1.0,c1ccc2c(c1)c3cccc4c3c2cc5ccccc54
0.46361143416434636,1.0,O=C1NC(=O)NC(=O)C1(CC=C)CC=C
0.760727424377637,1.0,CCNC(=S)NCC
0.6018161168081297,1.0,Oc1c(Cl)cccc1Cl
-1.2665956206757718,1.0,CCOP(=S)(OCC)Oc1nc(Cl)c(Cl)cc1Cl 
0.17323713578733785,1.0,CCC(Br)(CC)C(=O)NC(N)=O
-0.8524631221612986,1.0,CCCCCCCI
1.3482177129679358,1.0,CCC(O)CC
0.48624425675757926,1.0,CC(=C)C=C
-0.024198125132352626,1.0,CC3C2CCC1(C)C=CC(=O)C(=C1C2OC3=O)C
-0.4392937224805803,1.0,OC3N=C(c1ccccc1)c2cc(Cl)ccc2NC3=O 
1.2711698062675687,1.0,O=C1NC(=O)C(=O)N1 
-0.7657842271233858,1.0,C1Cc2cccc3cccc1c23
-0.08679954932640103,1.0,O=C1NCCN1c2ncc(s2)N(=O)=O
0.41882733839475805,1.0,CCC1(C(=O)NC(=O)NC1=O)C2=CCCCC2 
-1.4303224224140518,1.0,Clc1cccc(c1)c2cc(Cl)ccc2Cl 
-1.0807175457611362,1.0,CC(=O)OC3(C)CCC4C2CCC1=CC(=O)CCC1(C)C2CCC34C 
-0.9584039938743036,1.0,CC12CCC3C(CCc4cc(O)ccc34)C2CCC1O
1.1170739928668347,1.0,CC(=O)C(C)(C)C
1.4926825380311242,1.0,OCC(O)C(O)C(O)C(O)CO 
-0.4286996353092799,1.0,Clc1cccc2ccccc12
-0.6453968729040622,1.0,c1ccc2c(c1)sc3ccccc23
1.916446024883143,1.0,CN(C)C(=O)N(C)C 
0.2984399841754345,1.0,CCSSCC
2.014682105926111,1.0,CNC(=O)C(C)SCCSP(=O)(OC)(OC)
0.22139207747506734,1.0,CCCSCCC
-0.061758979648781714,1.0,O=C2NC(=O)C1(CCCCCC1)C(=O)N2 
-1.2714111148445446,1.0,CCCN(CCC)c1c(cc(cc1N(=O)=O)C(F)(F)F)N(=O)=O
0.23583855998138628,1.0,Clc1ccccc1N(=O)=O
0.14915966494347324,1.0,CCCCCCl
0.8185133544029122,1.0,CCSCC
0.33696393752561804,1.0,ICI
-0.23993226389338063,1.0,CCCC1C(=O)N3N(C1=O)c2cc(C)ccc2N=C3N(C)C 
-0.5105630361784197,1.0,CSc1nc(NC(C)C)nc(NC(C)C)n1
0.9629781794661004,1.0,CCC(C)(C)CO
0.13182388593589062,1.0,O=C1NC(=O)NC(=O)C1(C(C)C)C(C)C
-1.8473442174297887,1.0,CC(C)C(C(=O)OC(C#N)c1cccc(Oc2ccccc2)c1)c3ccc(OC(F)F)cc3
0.6668252880865645,1.0,O=C2NC(=O)C1(CCC1)C(=O)N2
-0.22115183663516608,1.0,Clc1ccccc1C2=NCC(=O)Nc3ccc(cc23)N(=O)=O
-0.6405813787352893,1.0,CC(=O)OCC(=O)C3(O)CCC4C2CCC1=CC(=O)C=CC1(C)C2C(O)CC34C 
0.8185133544029122,1.0,CCCCC(=O)OC
0.8474063194155499,1.0,CCCCCOC(=O)CC
-0.9078413051021875,1.0,CC1(OC(=O)N(C1=O)c2cc(Cl)cc(Cl)c2)C=C
1.1363359695419264,1.0,Cc1cccc(O)c1
-1.5940492241523316,1.0,CCCCCCCCCCCCCCCO
-2.5494432672368834,1.0,CCCCCCCCCCCCCCCCCCCCCCCCCC
-0.024198125132352626,1.0,CC12CC(O)C3C(CCC4=CC(=O)CCC34C)C2CCC1(O)C(=O)CO
0.07211175824310609,1.0,CN(C)C(=O)Nc1ccc(Cl)cc1
0.577738645964265,1.0,OCC(O)C2OC1OC(OC1C2O)C(Cl)(Cl)Cl 
-0.8283856513174339,1.0,COC(=O)C1=C(C)NC(=C(C1c2ccccc2N(=O)=O)C(=O)OC)C 
0.02877231072414968,1.0,CN(C)C(=O)C(c1ccccc1)c2ccccc2 
1.1074430045292887,1.0,Oc1ccc(cc1)N(=O)=O
-2.0616337079401847,1.0,Cc1c(F)c(F)c(COC(=O)C2C(C=C(Cl)C(F)(F)F)C2(C)C)c(F)c1F
0.1250821940996086,1.0,COc1cccc(Cl)c1
0.23583855998138628,1.0,CC(C)C
-0.6116884137226515,1.0,COP(=S)(OC)Oc1ccc(cc1Cl)N(=O)=O
-2.39342125616864,1.0,Clc1ccc(c(Cl)c1Cl)c2ccc(Cl)c(Cl)c2Cl 
-1.8011154734095685,1.0,CCN(Cc1c(F)cccc1Cl)c2c(cc(cc2N(=O)=O)C(F)(F)F)N(=O)=O
0.7318344593649992,1.0,CCCC(C)(C)CO
0.4525357975761685,1.0,C1CC=CC1
-0.3034967869211833,1.0,c3ccc2nc1ccccc1cc2c3
1.1267049812043803,1.0,Oc1cccc(Cl)c1
0.5555873727879096,1.0,O=C2NC(=O)C1(CC1)C(=O)N2 
-1.6710971308526987,1.0,ClC(Cl)C(c1ccc(Cl)cc1)c2ccccc2Cl 
0.9003767552720523,1.0,BrCBr
0.7616905232113914,1.0,Nc1c(C)c[nH]c(=O)n1 
-2.0033662284980323,1.0,ClC(Cl)C(c1ccc(Cl)cc1)c2ccc(Cl)cc2
0.5632921634579462,1.0,CCCCCC(=O)OC
-0.5250095186847387,1.0,CC(=O)OCC(=O)C3(O)C(CC4C2CCC1=CC(=O)C=CC1(C)C2(F)C(O)CC34C)OC(C)=O 
-0.5731644603724683,1.0,CCC(C)(C)CC
0.09618922908697093,1.0,O=c2c(C3CCCc4ccccc43)c(O)c1ccccc1o2 
-0.664658849579154,1.0,CC(=O)C1CCC2C3CCC4=CC(=O)CCC4(C)C3CCC12C
-0.020827279214211722,1.0,CC(=O)Nc1ccc(Br)cc1
-0.6357658845665165,1.0,CC(C)C(C)(C)C
1.3462915153004267,1.0,OCC1OC(OC2C(O)C(O)C(O)OC2CO)C(O)C(O)C1O
0.7173879768586804,1.0,CCCCCC(C)O
0.009028784632180438,1.0,COc2c1occc1c(OC)c3c(=O)cc(C)oc23 
-0.2649728335709997,1.0,NS(=O)(=O)c3cc2c(NC(Cc1ccccc1)NS2(=O)=O)cc3C(F)(F)F
0.5151372217702168,1.0,Fc1ccc(F)cc1
-2.3886057619998673,1.0,c1ccc2c3c(ccc2c1)c4cccc5cccc3c45
0.8618528019218686,1.0,Oc1ccc(Cl)c(Cl)c1
0.3032554783442073,1.0,CC(C)(C)c1ccc(O)cc1
0.3658569025382557,1.0,COP(=O)(OC)OC(Br)C(Cl)(Cl)Br
-0.42581033880801605,1.0,CON(C)C(=O)Nc1ccc(Br)c(Cl)c1
-0.7657842271233858,1.0,Clc1cc(Cl)c(Cl)c(Cl)c1
-0.6694743437479268,1.0,CCCCCCCBr
0.42364283256353086,1.0,Oc2ccc1ncccc1c2 
-0.35165172860891275,1.0,CC(C)c1ccc(C)cc1
-0.41088230688481986,1.0,CC(=O)CC(c1ccccc1)c3c(O)c2ccccc2oc3=O 
-0.42773653647552523,1.0,O2c1ccc(N)cc1N(C)C(=O)c3cc(C)ccc23 
-0.6603249048272586,1.0,CCN(CC)c1nc(Cl)nc(n1)N(CC)CC
0.3562259142007098,1.0,CCOP(=S)(OCC)Oc1ccc(cc1)S(C)=O 
-0.23126437438958922,1.0,Cc1ccccc1Cl
1.8008741648325925,1.0,OCC(O)C(O)CO
-0.00012065428848799956,1.0,CCNc1nc(NC(C)C)nc(SC)n1
-0.26160198765285886,1.0,Nc2nc1[nH]cnc1c(=O)[nH]2 
-0.47203908282823615,1.0,COc1c(O)c(Cl)c(Cl)c(Cl)c1Cl 
-0.29868129275241045,1.0,CC(C)(C)c1ccccc1
-1.8877943684474814,1.0,Cc1ccc2cc3ccccc3cc2c1
-0.30831228108995634,1.0,O2c1ccccc1N(CC)C(=O)c3ccccc23 
-0.13688068868163947,1.0,CCN2c1ccccc1N(C)C(=O)c3cccnc23 
1.0544725686727863,1.0,CCOC=C
0.23102306581261323,1.0,CC1=C(CCCO1)C(=O)Nc2ccccc2 
-0.29868129275241045,1.0,CCCCCCC#C
-0.17347844436431387,1.0,CCSC(=O)N(CC)C1CCCCC1 
-0.06753757265130925,1.0,CCC(C)C
-0.16866295019554103,1.0,O=N(=O)c1ccc(cc1)N(=O)=O
0.9292697202846898,1.0,COc2ncc1nccnc1n2
0.24884039423707308,1.0,Cn1cnc2n(C)c(=O)[nH]c(=O)c12 
-1.3845752278107089,1.0,Clc1ccc(CN(C2CCCC2)C(=O)Nc3ccccc3)cc1
-1.3922800184807456,1.0,OC4=C(C1CCC(CC1)c2ccc(Cl)cc2)C(=O)c3ccccc3C4=O
0.1443441707747002,1.0,FC(F)(Cl)C(F)(F)Cl
0.8088823660653662,1.0,CCCC(=O)OCC
0.1780526299561109,1.0,Oc1cc(Cl)cc(Cl)c1Cl
-1.2906730915196365,1.0,COP(=S)(OC)Oc1cc(Cl)c(Cl)cc1Cl
-0.6694743437479268,1.0,CCC(C(CC)c1ccc(O)cc1)c2ccc(O)cc2
-0.5346405070222847,1.0,C1CCCCCCC1
-0.8818376365908139,1.0,CCN2c1cc(N(C)C)cc(C)c1NC(=O)c3cccnc23 
1.0689190511791054,1.0,CCOC(=O)CC(=O)OCC
0.05525752865240094,1.0,Cc1ccccc1n3c(C)nc2ccccc2c3=O
-0.6694743437479268,1.0,CC(C)Nc1nc(Cl)nc(NC(C)C)n1
-0.14940097352044923,1.0,CCOP(=S)(OCC)N2C(=O)c1ccccc1C2=O
1.6804868106132689,1.0,Cc1cccc(C)n1
0.7125724826899075,1.0,COc1cc(CC=C)ccc1O
-1.9600267809790757,1.0,c1ccc(cc1)c2ccc(cc2)c3ccccc3
-0.6020574253851058,1.0,CCc1ccc2ccccc2c1
-0.11087702017026567,1.0,Clc1ccc(Cl)cc1
0.3514104200319368,1.0,ClC(Cl)(Cl)Cl
0.4766132684200334,1.0,Cc1cc(C)c(O)c(C)c1
-0.5394560011910576,1.0,CN2C(=C(O)c1ccccc1S2(=O)=O)C(=O)Nc3ccccn3 
1.2278303587486121,1.0,CCCOC=O
-0.09594898824706947,1.0,CCNc1nc(NC(C)(C)C)nc(OC)n1
-0.3131277752587292,1.0,CC34CCC1C(CCC2=CC(=O)CCC12C)C3CCC4=O
0.9822401561411922,1.0,N#Cc1ccccc1
-0.004936148457260839,1.0,NS(=O)(=O)c2cc1c(N=CNS1(=O)=O)cc2Cl 
-1.6773572732721036,1.0,O=C1N(COC(=O)CCCCCCC)C(=O)C(N1)(c2ccccc2)c3ccccc3
0.053812880401769,1.0,COCCCNc1nc(NC(C)C)nc(SC)n1
0.27917800750034266,1.0,COc1ccccc1Cl
0.5103217276014439,1.0,CCCCCC(O)CC
0.505506233432671,1.0,CCC#CCC
1.0689190511791054,1.0,CCCOC(=O)CC
0.7462809418713181,1.0,COc1ccc(C=O)cc1
0.07789035124563362,1.0,Nc2cnn(c1ccccc1)c(=O)c2Cl
-1.9166873334601189,1.0,Cc1c2ccccc2c(C)c3ccc4ccccc4c13
-2.3967921020867817,1.0,CC1(C)C(C=C(Cl)Cl)C1C(=O)OC(C#N)c2cccc(Oc3ccccc3)c2
-1.4375456636672115,1.0,CC1(C)C(C(=O)OC(C#N)c2cccc(Oc3ccccc3)c2)C1(C)C
-2.234509948599133,1.0,Clc1ccc(Cl)c(c1)c2cc(Cl)c(Cl)c(Cl)c2Cl
1.3482177129679358,1.0,COC(C)(C)C
0.8907457669345064,1.0,Cc1ccc(O)c(C)c1
0.6210780934832215,1.0,ClC=C
-1.3060826728597101,1.0,CCOP(=S)(CC)Oc1cc(Cl)c(Cl)cc1Cl
-1.0258209122371247,1.0,Nc3ccc2cc1ccccc1cc2c3 
0.12989768826838144,1.0,Clc1cccc(c1)N(=O)=O
-1.4688463757642354,1.0,COP(=S)(OC)Oc1cc(Cl)c(Br)cc1Cl
-0.4624080944906904,1.0,CCNc1nc(NC(C)(C)C)nc(SC)n1
-0.004936148457260839,1.0,Clc1ccccc1Cl
0.332148443356845,1.0,CCOc1ccc(NC(=O)C)cc1
1.2904317829426606,1.0,Nc1nccs1 
-2.0611521585233072,1.0,Clc1cc(Cl)c(c(Cl)c1)c2c(Cl)cccc2Cl
1.1652289345545639,1.0,Cc1ccccc1O
-2.5821886275845403,1.0,CC1(C)C(C=C(Br)Br)C1C(=O)OC(C#N)c2cccc(Oc3ccccc3)c2
0.7703584127151828,1.0,CSSC
-0.5587179778661494,1.0,CC(C)OP(=S)(OC(C)C)SCCNS(=O)(=O)c1ccccc1
-0.16866295019554103,1.0,CCN(CC)C(=S)SCC(Cl)=C
0.0851135924987931,1.0,CNC(=O)Oc1ccccc1C(C)C
-0.6068729195538786,1.0,C/C1CCCCC1\C
1.1989373937359746,1.0,CC(C)OC(=O)C
1.3578487013054816,1.0,COC(=O)C=C
1.0785500395166512,1.0,Nc1ccc(O)cc1
1.4541585846809406,1.0,NC(=O)CCl 
-1.5781580933953812,1.0,ClC1C=CC2C1C3(Cl)C(=C(Cl)C2(Cl)C3(Cl)Cl)Cl
1.0544725686727863,1.0,CCCCC=O
0.6836795176772698,1.0,CCCOCCC
-1.0354519005746707,1.0,C1CCC2CCCCC2C1
0.14915966494347324,1.0,CC(C)C=C
1.6853023047820417,1.0,COC(=O)C
-0.4046221644654151,1.0,COC(=O)Nc2nc1ccc(cc1[nH]2)C(=O)c3ccccc3
1.0689190511791054,1.0,c1ccoc1
-0.6136146113901608,1.0,c1cc2ccc(OC)c(CC=C(C)(C))c2oc1=O 
-1.0498983830809894,1.0,Cc1cccc2c1Cc3ccccc32
-0.8861715813427093,1.0,c1c(Cl)cccc1c2ccccc2
1.2615388179300229,1.0,CCCCOCCO
0.2262075716438404,1.0,CON(C)C(=O)Nc1ccc(Cl)cc1
-0.27460382190854565,1.0,Oc1c(I)cc(C#N)cc1I
-0.5100814867615426,1.0,CC1CC2C3CCC(O)(C(=O)C)C3(C)CC(O)C2(F)C4(C)C=CC(=O)C=C14
-0.6020574253851058,1.0,Cc1cc(C)c2ccccc2c1
-1.4640308815954624,1.0,CCCCCC1CCCC1
1.0303950978289218,1.0,C
-1.0595293714185354,1.0,CC34CCc1c(ccc2cc(O)ccc12)C3CCC4=O
1.001502132816284,1.0,NC(=O)c1ccccc1
0.8666682960906417,1.0,CCC#C
1.2711698062675687,1.0,CC(C)(C)CO
0.2936244900066614,1.0,CC(C)CBr
0.057665275736787355,1.0,Clc1ccc(cc1)N(=O)=O
0.5936297767212159,1.0,CCCC(C)(COC(N)=O)COC(N)=O 
-2.6775354121262436,1.0,CCOc1ccc(cc1)C(C)(C)COCc3cccc(Oc2ccccc2)c3
-0.30831228108995634,1.0,CCSC(=O)N(CC(C)C)CC(C)C
-0.4624080944906904,1.0,Clc1cccc(Cl)c1Cl
0.36537535312137825,1.0,CC1=C(C(=O)Nc2ccccc2)S(=O)(=O)CCO1
-0.048275595976217466,1.0,CC1=C(SCCO1)C(=O)Nc2ccccc2
0.8570373077530957,1.0,Cc1ncc(N(=O)=O)n1CCO 
-0.5457161436104624,1.0,CC(=O)SC4CC1=CC(=O)CCC1(C)C5CCC2(C)C(CCC23CCC(=O)O3)C45
-1.256964632338226,1.0,Clc1cc(Cl)c(Cl)c(Cl)c1Cl
1.1267049812043803,1.0,CCC(O)C(C)C
-0.9102490521865739,1.0,CC(C)OC(=O)C(O)(c1ccc(Br)cc1)c2ccc(Br)cc2 
-0.2235595837195525,1.0,N(c1ccccc1)c2ccccc2
1.0419522838339768,1.0,Cn1cnc2n(C)c(=O)n(C)c(=O)c12
-0.8163469158955019,1.0,CCOC(=O)c1cncn1C(C)c2ccccc2
1.083365533685424,1.0,CBr
-0.8023819828060603,1.0,CCN2c1ccccc1N(C)C(=S)c3cccnc23 
-2.326004337805819,1.0,c1ccc2c(c1)ccc3c2ccc4c5ccccc5ccc43
-1.1702857373003128,1.0,CCN(CC)c1c(cc(c(N)c1N(=O)=O)C(F)(F)F)N(=O)=O
0.23102306581261323,1.0,CC=C(C)C
0.1443441707747002,1.0,CCCCCCC(=O)OCC
1.2278303587486121,1.0,CCCC(C)(C)O
-0.21826254013390242,1.0,CCCC1COC(Cn2cncn2)(O1)c3ccc(Cl)cc3Cl
1.598623409744129,1.0,CCC#N
-0.5346405070222847,1.0,CCCOP(=S)(OCCC)SCC(=O)N1CCCCC1C
1.5167600088749889,1.0,CC1CCCO1
-0.664658849579154,1.0,COc5cc4OCC3Oc2c1CC(Oc1ccc2C(=O)C3c4cc5OC)C(C)=C 
-0.9680349822118492,1.0,CCCCCCCC=C
-1.1279093886151113,1.0,CCOP(=S)(OCC)Oc2ccc1oc(=O)c(Cl)c(C)c1c2
0.9196387319471441,1.0,CC1CC(C)C(=O)C(C1)C(O)CC2CC(=O)NC(=O)C2 
-0.06753757265130925,1.0,Sc2nc1ccccc1s2 
0.32925914685558133,1.0,O=C1NC(=O)NC(=O)C1(C(C)CCC)CC=C
-1.5892337299835588,1.0,CCOP(=S)(OCC)SC(CCl)N2C(=O)c1ccccc1C2=O
0.3128864666817532,1.0,CCCCCCCCO
-0.0723530668200821,1.0,Cc1ccc(Br)cc1
-2.1093071002110366,1.0,Clc1ccc(Cl)c(c1)c2c(Cl)c(Cl)cc(Cl)c2Cl 
1.7151583686284342,1.0,Nc1nc[nH]n1
0.5199527159389898,1.0,COc1ccccc1N(=O)=O
-0.8332011454862068,1.0,CCCCN(C)C(=O)Nc1ccc(Cl)c(Cl)c1
0.32251745501929907,1.0,Nc1ccc(cc1)N(=O)=O
0.8185133544029122,1.0,Oc1cc(Cl)cc(Cl)c1
-2.5812255287507853,1.0,CCCCCCCCCCCCCCCCCCO
1.9934939315835103,1.0,c1ccnnc1
0.5199527159389898,1.0,CCC(C)Cl
-0.9198800405241201,1.0,CC=C(C(=CC)c1ccc(O)cc1)c2ccc(O)cc2
-0.08679954932640103,1.0,Cc1c(cc(cc1N(=O)=O)N(=O)=O)N(=O)=O
0.038403299061695574,1.0,CCCCI
0.32299900443617635,1.0,O=C1NC(=O)NC(=O)C1(CC=C)c1ccccc1
0.14915966494347324,1.0,CCC(=C)C
0.5729231517954921,1.0,CC2(C)C1CCC(C)(C1)C2=O
-0.3641720134477223,1.0,CN2C(=O)CN=C(c1ccccc1)c3cc(ccc23)N(=O)=O
1.406003642993211,1.0,Cc2ncc1nccnc1n2
0.8474063194155499,1.0,CNc1ccccc1
1.4734205613560323,1.0,c2cnc1ncncc1n2
-0.7609687329546129,1.0,Cc1ccc(cc1)c2ccccc2
-1.0354519005746707,1.0,COC(C)(C)CCCC(C)CC=CC(C)=CC(=O)OC(C)C
-0.5539024836973765,1.0,CCCCOCN(C(=O)CCl)c1c(CC)cccc1CC 
-2.878823068380953,1.0,c1cc2ccc3ccc4ccc5cccc6c(c1)c2c3c4c56
0.5493272303685047,1.0,c1c(OC)c(OC)C2C(=O)OCC2c1
-0.8958025696802554,1.0,CC4CC3C2CCC1=CC(=O)C=CC1(C)C2(F)C(O)CC3(C)C4(O)C(=O)COC(C)=O 
-1.188103065724773,1.0,CC23Cc1cnoc1C=C2CCC4C3CCC5(C)C4CCC5(O)C#C
0.17323713578733785,1.0,CCCC=C
-0.8861715813427093,1.0,CC(=O)OCC(=O)C1(O)CCC2C3CCC4=CC(=O)CCC4(C)C3C(O)CC21C
-1.5733425992266084,1.0,ClC1=C(Cl)C2(Cl)C3C4CC(C=C4)C3C1(Cl)C2(Cl)Cl
-0.7272602737732021,1.0,CCNc1nc(Cl)nc(NCC)n1 
-0.8765405930051636,1.0,CCN(CC)C(=S)SSC(=S)N(CC)CC
-1.0325626040734068,1.0,CC(=O)OC3CCC4C2CCC1=CC(=O)CCC1(C)C2CCC34C 
-0.746522250448294,1.0,Cc1cc(C)c(C)cc1C
0.9533471911285546,1.0,ClCCCl
-0.5635334720349222,1.0,c1c(NC(=O)c2ccccc2(I))cccc1
-0.9054335580178011,1.0,ClC(=C(Cl)C(=C(Cl)Cl)Cl)Cl
0.6639359915853007,1.0,CCCCC1(CC)C(=O)NC(=O)NC1=O
1.3578487013054816,1.0,COP(=O)(OC)C(O)C(Cl)(Cl)Cl
1.2711698062675687,1.0,O=C1CNC(=O)N1 
1.2393875447536673,1.0,Cc1ncnc2nccnc12
-0.2794193160773187,1.0,Oc2cc(O)c1C(=O)CC(Oc1c2)c3ccc(O)c(O)c3
-0.7137768901006382,1.0,COP(=O)(OC)OC(=CCl)c1cc(Cl)c(Cl)cc1Cl
2.003124919921056,1.0,OCC(O)CO
-0.20237140937695153,1.0,CCCC(C)C1(CC=C)C(=O)NC(=S)NC1=O 
-1.1413927722876753,1.0,CC45CCC2C(CCC3CC1SC1CC23C)C4CCC5O
0.16360614744979196,1.0,c1cc(O)c(O)c2OCC3(O)CC4=CC(=O)C(O)=CC4=C3c21
-0.4850409170839231,1.0,FC(F)(F)c1cccc(c1)N2CC(CCl)C(Cl)C2=O
1.3145092537865253,1.0,NC(N)=NC#N 
1.0929965220229698,1.0,CCOCCOCC
-0.09643053766394694,1.0,CC(=O)Nc1cc(NS(=O)(=O)C(F)(F)F)c(C)cc1C
0.6413031689920679,1.0,O=C1NC(=O)NC(=O)C1(C(C)C)CC=C
-0.6935518145917918,1.0,Clc1cc(Cl)cc(Cl)c1
0.837775331078004,1.0,Cl\C=C/Cl
0.6374507736570496,1.0,CCN(CC)C(=O)CSc1ccc(Cl)nn1
-0.8861715813427093,1.0,CC(C)N(C(C)C)C(=O)SCC(Cl)=C(Cl)Cl
-0.9222877876085065,1.0,CC34CCC1C(CCc2cc(O)ccc12)C3CC(O)C4O 
0.3128864666817532,1.0,c1ccccc1SC
0.3032554783442073,1.0,COc1ccc(cc1)N(=O)=O
1.988678437414737,1.0,OCC(O)C(O)C(O)C(O)CO
-0.6704374425816817,1.0,COP(=S)(OC)SCC(=O)N(C(C)C)c1ccc(Cl)cc1
0.8666682960906417,1.0,CCCCCCO
1.1652289345545639,1.0,CC(O)C(C)(C)C
0.09474458083633899,1.0,CC(=O)Nc1ccc(Cl)cc1
-2.0033662284980323,1.0,ClC(Cl)C(c1ccc(Cl)cc1)c2ccc(Cl)cc2 
-0.568348966203695,1.0,Nc2cccc3nc1ccccc1cc23 
-0.3468362344401397,1.0,Clc1cccc(n1)C(Cl)(Cl)Cl
-1.0595293714185354,1.0,CCCCCCCC
0.41882733839475805,1.0,CCOc1ccc(NC(N)=O)cc1
1.6371473630943123,1.0,Cc1ccncc1C
-1.0739758539248538,1.0,c1ccc2c(c1)[nH]c3ccccc32
-0.09161504349517388,1.0,CCCCC=C
1.179675417060883,1.0,CC1CO1
-0.029013619301125677,1.0,C1CCCCC1
-0.029013619301125677,1.0,Oc1c(Cl)cc(Cl)c(Cl)c1Cl
-0.17733083969933222,1.0,CCNP(=S)(OC)OC(=CC(=O)OC(C)C)C
-1.4929238466080998,1.0,Clc1ccc(cc1)c2c(Cl)cccc2Cl 
-0.414253152802961,1.0,CN(C)C(=S)SSC(=S)N(C)C 
-0.15903196185799512,1.0,CCOC(=O)CC(SP(=S)(OC)OC)C(=O)OCC
-0.06272207848253619,1.0,CCCCCCCC(=O)OC
0.005657938714039536,1.0,CCCCc1c(C)nc(NCC)[nH]c1=O
0.5970006226393568,1.0,Fc1ccccc1
-0.517304728014702,1.0,CCN2c1nc(Cl)ccc1N(C)C(=O)c3cccnc23 
1.9934939315835103,1.0,CCO
1.179675417060883,1.0,CCCC(O)C=C
1.0207641094913757,1.0,CC(O)c1ccccc1
1.3722951838118005,1.0,CCCC(=O)C
0.44290480923862263,1.0,Sc1ccccc1
-0.053091090144990305,1.0,CCNc1nc(Cl)nc(NC(C)(C)C#N)n1
-2.9472030855775286,1.0,Clc1cc(c(Cl)c(Cl)c1Cl)c2cc(Cl)c(Cl)c(Cl)c2Cl
0.6933105060148157,1.0,CCI
0.4380893150698498,1.0,CCCCC(CC)C=O
-0.8991734155983964,1.0,O=C1N(COC(=O)CC)C(=O)C(N1)(c2ccccc2)c3ccccc3
0.6258935876519945,1.0,Oc1ccccc1N(=O)=O
-1.858901403434844,1.0,ClC(Cl)=C(c1ccc(Cl)cc1)c2ccc(Cl)cc2
-0.8828007354245684,1.0,CN(C(=O)COc1nc2ccccc2s1)c3ccccc3
0.32733294918807215,1.0,CC(=O)Nc1nnc(s1)S(N)(=O)=O 
1.6997487872883608,1.0,C1CCOC1
-0.5779799545412412,1.0,c1(C(C)(C)C)cc(C(C)(C)C)cc(OC(=O)NC)c1
0.9051922494408252,1.0,O=C1NC(=O)NC(=O)C1(C)CC=C
-0.020827279214211722,1.0,Oc1ccc(c(O)c1)c3oc2cc(O)cc(O)c2c(=O)c3O 
-0.6887363204230186,1.0,C/C1CCC(\C)CC1
1.8538446006890947,1.0,Oc1cccc(O)c1
-0.8187546629798883,1.0,CC(C)CC(C)(C)C
-0.053091090144990305,1.0,O=C(Nc1ccccc1)Nc2ccccc2
-0.026124322799861804,1.0,Nc1ccc(cc1)S(=O)(=O)c2ccc(N)cc2
0.4573512917449416,1.0,CN(C)C(=O)Oc1cc(C)nn1c2ccccc2
1.670855822275723,1.0,CCOP(=O)(OCC)OCC
1.3819261721493465,1.0,Cn2c(=O)n(C)c1ncn(CC(O)CO)c1c2=O
1.42045012549953,1.0,CCOCC
-0.6285426433133569,1.0,c1ccc(cc1)c2ccccc2
-0.4123269551354518,1.0,CCCCOC(=O)CCCCCCCCC(=O)OCCCC
1.762350211482409,1.0,Oc1ccccc1O
1.762350211482409,1.0,CCCO
0.10052317383886632,1.0,Clc2ccc1oc(=O)[nH]c1c2
0.48624425675757926,1.0,CCCCCl
1.9790474490771914,1.0,O=C1CCCN1
0.3080709725129804,1.0,O=C1NC(=O)NC(=O)C1(CC)CC
0.674048529339724,1.0,CCCC#C
-0.001565302539119937,1.0,O2c1cc(C)ccc1N(C)C(=O)c3cc(N)cnc23 
0.5839987883836699,1.0,COC(=O)c1ccc(O)cc1
-0.10606152600149261,1.0,CCc1cccc(CC)c1N(COC)C(=O)CCl 
0.6836795176772698,1.0,CNC(=O)ON=C(CSC)C(C)(C)C 
1.5360219855500805,1.0,C=CC#N
-1.1124998072750374,1.0,CC(=O)OC3(CCC4C2C=C(C)C1=CC(=O)CCC1(C)C2CCC34C)C(C)=O 
-0.3564672227776856,1.0,CC2Nc1cc(Cl)c(cc1C(=O)N2c3ccccc3C)S(N)(=O)=O 
0.014325828217830947,1.0,Ic1ccccc1
0.837775331078004,1.0,c1ccc2ncccc2c1
0.9389007086222357,1.0,Oc1ccc(Br)cc1
1.6178853864192206,1.0,C/C=C/C=O
0.9389007086222357,1.0,CCBr
0.9153047871952483,1.0,COc2cnc1ncncc1n2
0.4669822800824875,1.0,Cc2cccc3sc1nncn1c23 
-0.35887496986207224,1.0,CCN(CC)c1nc(Cl)nc(NC(C)C)n1
-0.009751642626033893,1.0,O=C2NC(=O)C1(CCCCC1)C(=O)N2
0.7559119302088639,1.0,CCCCl
-1.1895477139754047,1.0,CCCCCCCCC=C
-0.582795448710014,1.0,CCC1CCCCC1
1.2711698062675687,1.0,OCc1ccccc1
0.37259859437453774,1.0,O=c1[nH]cnc2[nH]ncc12 
0.019141322386603786,1.0,CCOC(=O)C=Cc1ccccc1
-0.3612827169464587,1.0,Cc1cccc(C)c1NC(=O)c2cc(c(Cl)cc2O)S(N)(=O)=O
0.6644175410021781,1.0,COC(=O)c1ccccc1C(=O)OC
0.9677936736348733,1.0,CC(=O)Nc1ccc(O)cc1
1.0785500395166512,1.0,CCCN(=O)=O
-0.8909870755114822,1.0,Cc1ccc2cc(C)ccc2c1
0.3465949258631639,1.0,CCOC(=O)c1ccccc1
0.14915966494347324,1.0,CCc1cccc(C)c1N(C(C)COC)C(=O)CCl 
-1.069160359756081,1.0,c1ccc2c(c1)ccc3ccccc32
1.6467783514318581,1.0,Cc1cncc(C)c1
-0.8091236746423421,1.0,Cc1cc2ccccc2cc1C
0.3947498675508932,1.0,CC(C)c1ccc(C)cc1O
-0.49611655367210117,1.0,Brc1ccc(Br)cc1
0.3995653617196662,1.0,Cc1ccccc1N
-1.0595293714185354,1.0,CC(C)=CC3C(C(=O)OCc2cccc(Oc1ccccc1)c2)C3(C)C 
0.5006907392638981,1.0,ClC(Cl)(Cl)N(=O)=O
-1.5458942824646025,1.0,Clc1ccc(cc1)c2cc(Cl)ccc2Cl 
-0.22644888022081616,1.0,C1CCCCCC1
1.0352105919976946,1.0,ClCBr
-0.34202074027136686,1.0,CCc1ccc(CC)cc1
0.6066316109769028,1.0,CC(=O)Nc1ccc(F)cc1
-0.6766975850010865,1.0,OC(CC(c1ccccc1)c3c(O)c2ccccc2oc3=O)c4ccc(cc4)c5ccc(Br)cc5 
1.2904317829426606,1.0,CCC(C)(O)CC
0.9451608510416406,1.0,Fc1c[nH]c(=O)[nH]c1=O 
0.5247682101077628,1.0,Nc1ncnc2n(ccc12)C3OC(CO)C(O)C3O 
0.7472440407050726,1.0,O=c1cc[nH]c(=O)[nH]1 
0.3610414083694827,1.0,CCCI
0.22909686814510405,1.0,COc1ccc(NC(=O)N(C)C)cc1Cl
-1.0450828889122163,1.0,CCCCCCc1ccccc1
0.4602405882462053,1.0,CCNc1nc(NC(C)C)nc(OC)n1
-1.6614661425151531,1.0,CCCN(CCC)c1c(cc(cc1N(=O)=O)C(C)C)N(=O)=O
-0.1879249268706328,1.0,CC34CC(O)C1(F)C(CCC2=CC(=O)CCC12C)C3CCC4(O)C(=O)CO 
-0.5105630361784197,1.0,CCCCCCCCCC(=O)OCC
0.019141322386603786,1.0,Cc1c(cccc1N(=O)=O)N(=O)=O
-0.679105332085473,1.0,N(=Nc1ccccc1)c2ccccc2
0.4197904372285125,1.0,ClC(Cl)(Cl)C#N
0.33696393752561804,1.0,CNC(=O)Oc1cccc(N=CN(C)C)c1
-0.24571085689590796,1.0,CCC(C)(C)C
-1.9792887576541673,1.0,Clc1ccc(cc1)C(c2ccc(Cl)cc2)C(Cl)(Cl)Cl
-1.8540859092660706,1.0,COc1ccc(cc1)C(c2ccc(OC)cc2)C(Cl)(Cl)Cl
-0.5779799545412412,1.0,CCCCCCCC#C
1.0255796036601486,1.0,COc2cnc1cncnc1n2
0.3947498675508932,1.0,Oc1cccc2ccccc12
-1.1702857373003128,1.0,CN(C=Nc1ccc(C)cc1C)C=Nc2ccc(C)cc2C
-0.11087702017026567,1.0,CC1=CCCCC1
-0.34394693793887604,1.0,CN2C(=O)CN=C(c1ccccc1)c3cc(Cl)ccc23
-0.7272602737732021,1.0,Ic1cccc2ccccc12
1.2663543120987957,1.0,CC#C
-2.0948606177047178,1.0,Clc1cccc(Cl)c1c2c(Cl)cccc2Cl 
0.2695470191627968,1.0,CC(C)N(C(=O)CCl)c1ccccc1 
-0.6434706752365532,1.0,CC(C)NC(=O)N1CC(=O)N(C1=O)c2cc(Cl)cc(Cl)c2
0.2406540541501591,1.0,CC/C=C\C
-0.8471660785756487,1.0,C2c1ccccc1N(CCF)C(=O)c3ccccc23 
0.674048529339724,1.0,CC12CCC(CC1)C(C)(C)O2 
0.11063571159328967,1.0,O=C(Cn1ccnc1N(=O)=O)NCc2ccccc2
-0.15421646768922206,1.0,CCN2c1nc(N(C)(CCO))ccc1NC(=O)c3cccnc23 
-0.26304663590349076,1.0,CC2Cc1ccccc1N2NC(=O)c3ccc(Cl)c(c3)S(N)(=O)=O 
-0.5201940245159657,1.0,CC34CCC1C(CC=C2CC(O)CCC12C)C3CCC4=O
-0.5298250128535115,1.0,Clc1ccc2ccccc2c1
1.1411514637106994,1.0,CCC(C)C(=O)C
-0.1253235026765844,1.0,CCCCCCCCC(=O)C
1.588992421406583,1.0,CN(=O)=O
0.7848048952215017,1.0,CC(C)Cl
0.5199527159389898,1.0,COc1ccccc1O
0.8425908252467769,1.0,OC1CCCCCCC1
-0.5635334720349222,1.0,CC(=O)OCC(=O)C3(O)CCC4C2CCC1=CC(=O)CCC1(C)C2C(=O)CC34C 
0.2069455949687486,1.0,O=C1NC(=O)c2ccccc12 
1.17485992289211,1.0,CCCCCO
-0.8043081804735693,1.0,CCOC(=O)CCN(SN(C)C(=O)Oc1cccc2CC(C)(C)Oc21)C(C)C
-2.350081808649684,1.0,c1cc(C)cc2c1c3cc4cccc5CCc(c45)c3cc2
0.21657658330629448,1.0,C1CCC=CC1
0.5295837042765357,1.0,CCC=C
-2.775771493169212,1.0,c1cc2cccc3c4cccc5cccc(c(c1)c23)c54
1.0929965220229698,1.0,OCC3OC(OCC2OC(OC(C#N)c1ccccc1)C(O)C(O)C2O)C(O)C(O)C3O 
0.47179777425126035,1.0,C1C=CCC=C1
-1.056158525500394,1.0,CCOP(=S)(OCC)SCn1c(=O)oc2cc(Cl)ccc12
1.9934939315835103,1.0,c1cncnc1
0.4294214255660584,1.0,O=C1NC(=O)NC(=O)C1(CC)C(C)C
0.674048529339724,1.0,c1ccccc1
1.7141952697946794,1.0,CCC(=O)C
-0.427254987058648,1.0,CN(C)C(=O)SCCCCOc1ccccc1
0.6249304888182399,1.0,O=C1NC(=O)NC(=O)C1(C)C
-0.8187546629798883,1.0,CCCC1CCCC1
-0.5153785303471929,1.0,CC1CCCCC1NC(=O)Nc2ccccc2
-1.3677209982200036,1.0,CCCCCCCCC
0.8618528019218686,1.0,O=C1NC(=O)C(=O)C(=O)N1 
-0.6203563032264431,1.0,CN(C)C(=O)Nc1ccc(c(Cl)c1)n2nc(oc2=O)C(C)(C)C
-0.4768545769970094,1.0,Clc1ccc(I)cc1
-0.5394560011910576,1.0,COc2ccc(Oc1ccc(NC(=O)N(C)C)cc1)cc2
1.1064799056955341,1.0,COC(=O)c1ccccc1OC2OC(COC3OCC(O)C(O)C3O)C(O)C(O)C2O
0.3128864666817532,1.0,O=C1NC(=O)NC(=O)C1(CC)C(C)CC
0.9870556503099651,1.0,CCCCOC
-0.07716856098885515,1.0,O=N(=O)c1cc(Cl)c(Cl)cc1
1.4493430905121678,1.0,C1CCOCC1
0.9533471911285546,1.0,Oc1ccccc1Cl
-1.2039941964817236,1.0,CCOP(=S)(OCC)SCSP(=S)(OCC)OCC
-1.3706102947212675,1.0,O=C1N(COC(=O)CCCCC)C(=O)C(N1)(c2ccccc2)c3ccccc3
0.19249911246242965,1.0,C1CCCC1
1.2422768412549312,1.0,COC(=O)c1cccnc1 
0.42364283256353086,1.0,c2ccc1[nH]ncc1c2 
0.027809211890394984,1.0,O=C2NC(=O)C1(CCCCCCC1)C(=O)N2
-2.4733584593702713,1.0,CC1(C)C(C=C(Cl)C(F)(F)F)C1C(=O)OC(C#N)c2cccc(Oc3ccccc3)c2
-1.0210054180683519,1.0,CCCN(CCC)c1c(cc(cc1N(=O)=O)S(N)(=O)=O)N(=O)=O
0.24546954831893217,1.0,CC(C)C1CCC(C)CC1O 
1.251907829592477,1.0,OC1CCCCC1
0.08655824074942504,1.0,CCN2c1ncccc1N(CC)C(=O)c3cccnc23 
0.6258935876519945,1.0,CC12CCC(CC1)C(C)(C)O2
0.41401184422598497,1.0,CCCCS
0.4766132684200334,1.0,CCCCCCC(=O)C
0.9437162027910087,1.0,CCCCC(C)(C)O
-0.597241931216333,1.0,CCC(C)C(C)C
0.2035747490506075,1.0,CC(OC(=O)Nc1cccc(Cl)c1)C#C
-0.304459885754938,1.0,O2c1ccccc1N(C)C(=O)c3cccnc23 
-2.0418901818482156,1.0,Fc1cccc(F)c1C(=O)NC(=O)Nc2cc(Cl)c(F)c(Cl)c2F 
0.23583855998138628,1.0,c1ccccc1C(O)c2ccccc2
0.04658963914860953,1.0,c1c(O)C2C(=O)C3cc(O)ccC3OC2cc1(OC)
0.22091052805818986,1.0,CNC(=O)Oc1cc(C)cc(C)c1
-0.732075767941975,1.0,Brc1ccc(I)cc1
1.1122584986980617,1.0,Cc1ccc(O)cc1
0.38993437338212034,1.0,CCC1(CC)C(=O)NC(=O)N(C)C1=O 
0.9918711444787381,1.0,CCCC(C)(O)CC
-0.2977181939186558,1.0,CCOP(=S)(OCC)Oc1nc(Cl)n(n1)C(C)C
-0.6550278612416083,1.0,CCCCOC(=O)c1ccccc1C(=O)OCCCC 
-2.942387591408756,1.0,Clc1cc(Cl)c(Cl)c(c1Cl)c2c(Cl)c(Cl)cc(Cl)c2Cl 
1.0544725686727863,1.0,CCC(O)(CC)CC
0.05284978156801431,1.0,CN(C)C(=O)Nc1cccc(OC(=O)NC(C)(C)C)c1 
0.7318344593649992,1.0,Nc1ccccc1Cl
0.23583855998138628,1.0,Brc1ccccc1
-0.3709137052840046,1.0,CCCCC1C(=O)N(N(C1=O)c2ccccc2)c3ccccc3 
1.4589740788497136,1.0,CCCC=O
-0.5394560011910576,1.0,CCCCc1c(C)nc(NCC)nc1OS(=O)(=O)N(C)C 
-0.30831228108995634,1.0,CC34CC(O)C1(F)C(CCC2=CC(=O)C=CC12C)C3CC(O)C4(O)C(=O)CO
-0.6550278612416083,1.0,Brc1ccc2ccccc2c1
1.468123517770382,1.0,c1nccc(C(=O)NN)c1
0.6928289565979384,1.0,COCC(=O)N(C(C)C(=O)OC)c1c(C)cccc1C 
-0.23896916505962593,1.0,CC(C)c1ccc(NC(=O)N(C)C)cc1
0.2406540541501591,1.0,CC/C=C/C
-0.8476476279925257,1.0,CC12CC2(C)C(=O)N(C1=O)c3cc(Cl)cc(Cl)c3
0.1780526299561109,1.0,Oc1ccc(Cl)c(Cl)c1Cl
0.5247682101077628,1.0,CN(C)C(=O)Oc1nc(nc(C)c1C)N(C)C
-0.332389751933821,1.0,CCCCCC=C
-0.9439575113679847,1.0,C1c2ccccc2c3ccccc13
-0.7176292854356565,1.0,CCCCCCC
0.19249911246242965,1.0,Oc1c(Cl)ccc(Cl)c1Cl
-0.7754152154609318,1.0,CC(=O)C3CCC4C2CC=C1CC(O)CCC1(C)C2CCC34C 
0.8762992844281875,1.0,CC(C)C(O)C(C)C
-0.27171452540728197,1.0,OC3N=C(c1ccccc1Cl)c2cc(Cl)ccc2NC3=O
-0.4624080944906904,1.0,CCCCCCCCl
0.8185133544029122,1.0,CCCOC(C)C
0.27917800750034266,1.0,CCCC=C(CC)C=O
0.2888089958378886,1.0,Cc1cccc(c1)N(=O)=O
0.21176108913752142,1.0,ClC(Cl)C(Cl)(Cl)Cl
1.2759853004363417,1.0,CCCOC
0.914823237778371,1.0,CC(C)CCCO
-1.7096210842028825,1.0,c1cccc2c3c(C)cc4ccccc4c3ccc12
0.7655429185464099,1.0,CCCCCC(=O)C
1.0641035570103323,1.0,CCCC(=O)CC
-0.5876109428787868,1.0,CC1=CCC(CC1)C(C)=C
0.1443441707747002,1.0,CCCCCCCC(C)O
-0.4619265450738132,1.0,CC1(O)CCC2C3CCC4=CC(=O)CCC4(C)C3CCC21C
-0.24571085689590796,1.0,Clc1cccc(I)c1
0.828144342740458,1.0,ClCCBr
0.1250821940996086,1.0,COc1ccc(Cl)cc1
0.6933105060148157,1.0,CN(C)C(=O)Nc1ccccc1
1.1459669578794722,1.0,CCCOCC
0.6451555643270863,1.0,CCNc1ccccc1
-1.4852190559380631,1.0,CCN(CC(C)=C)c1c(cc(cc1N(=O)=O)C(F)(F)F)N(=O)=O
-2.0611521585233072,1.0,C1C(O)CCC2(C)CC3CCC4(C)C5(C)CC6OCC(C)CC6OC5CC4C3C=C21
-0.5201940245159657,1.0,CC(C)Cc1ccccc1
-0.15903196185799512,1.0,OC(Cn1cncn1)(c2ccc(F)cc2)c3ccccc3F
-1.6999900958653367,1.0,Cc1cc2c3ccccc3ccc2c4ccccc14
0.5295837042765357,1.0,CCC
-0.5558286813648855,1.0,CCOP(=S)(NC(C)C)Oc1ccccc1C(=O)OC(C)C
-0.5731644603724683,1.0,CCOP(=S)(OCC)SCCSCC
-0.2408953627271351,1.0,Clc1ccccc1I
-0.4286996353092799,1.0,O=c2[nH]c(=O)c1[nH]c(=O)[nH]c1[nH]2 
0.358152111868219,1.0,O=c1[nH]cnc2nc[nH]c12 
1.1170739928668347,1.0,Nc1ccccc1O
-0.44314611781559865,1.0,C1=Cc2cccc3cccc1c23
-1.2791159055145818,1.0,CC(C)Oc1cc(c(Cl)cc1Cl)n2nc(oc2=O)C(C)(C)C
-0.5620888237842903,1.0,CCN2c1nc(C)cc(C(F)(F)F)c1NC(=O)c3cccnc23 
0.7559119302088639,1.0,CCCCC(O)CC
-1.068678810339204,1.0,ClC1(C(=O)C2(Cl)C3(Cl)C14Cl)C5(Cl)C2(Cl)C3(Cl)C(Cl)(Cl)C45Cl
0.6933105060148157,1.0,NC(=O)NC1NC(=O)NC1=O 
1.0785500395166512,1.0,CCCCC(=O)C
-0.09643053766394694,1.0,CC12CC(O)C3C(CCC4=CC(=O)CCC34C)C2CCC1C(=O)CO
0.5440301867828545,1.0,BrC(Br)Br
-1.7240675667092014,1.0,COP(=S)(OC)Oc1cc(Cl)c(I)cc1Cl
-1.8107464617471143,1.0,ClC1(C2(Cl)C3(Cl)C4(Cl)C5(Cl)C1(Cl)C3(Cl)Cl)C5(Cl)C(Cl)(Cl)C24Cl
-0.332389751933821,1.0,CCCCC1C(=O)N(N(C1=O)c2ccc(O)cc2)c3ccccc3 
-1.232887161494361,1.0,Brc1cc(Br)cc(Br)c1
-0.1253235026765844,1.0,Cc1occc1C(=O)Nc2ccccc2
0.19249911246242965,1.0,CCC1(C(=O)NCNC1=O)c2ccccc2
-0.38536018779032327,1.0,CCCCOc1ccc(C(=O)OCC)c(c1)N(CC)CC 
-0.5014135972577515,1.0,CC1OC(CC(O)C1O)OC2C(O)CC(OC2C)OC8C(O)CC(OC7CCC3(C)C(CCC4C3CC(O)C5(C)C(CCC45O)C6=CC(=O)OC6)C7)OC8C 
-0.7994926863047965,1.0,CCOC(=O)NCCOc2ccc(Oc1ccccc1)cc2
-1.5940492241523316,1.0,c1ccc2cc3ccccc3cc2c1
0.3128864666817532,1.0,O=C1NC(=O)NC(=O)C1(CC)C(C)CCC
0.837775331078004,1.0,CCCCCC=O
-2.3019268669619546,1.0,Clc1ccc(cc1Cl)c2cc(Cl)c(Cl)c(Cl)c2Cl 
0.595555974388725,1.0,c1ccccc1(OC(=O)NC)
0.44290480923862263,1.0,Nc1ncnc2nc[nH]c12 
-1.0739758539248538,1.0,Clc1ccccc1c2ccccc2Cl 
0.5199527159389898,1.0,Nc1ccccc1N(=O)=O
1.2663543120987957,1.0,OCC1OC(CO)(OC2OC(COC3OC(CO)C(O)C(O)C3O)C(O)C(O)C2O)C(O)C1O
0.9051922494408252,1.0,c2ccc1ocnc1c2
0.04803428739924147,1.0,CCCCCCCCCC(C)O
0.8724468890931691,1.0,O=C1NC(=O)NC(=O)C1(C)CC
0.3465949258631639,1.0,CC1(C)C2CCC1(C)C(O)C2
1.6467783514318581,1.0,Cc1ccnc(C)c1
-0.28423481024609154,1.0,CCCCCCCCCCO
-0.8230886077317836,1.0,CCN2c1ccccc1N(C)C(=O)c3ccccc23 
-0.7667473259571402,1.0,CCOC(=O)Nc2cccc(OC(=O)Nc1ccccc1)c2 
-0.12050800850781156,1.0,CCC2NC(=O)c1cc(c(Cl)cc1N2)S(N)(=O)=O
-0.0993198341652108,1.0,COC1=CC(=O)CC(C)C13Oc2c(Cl)c(OC)cc(OC)c2C3=O
0.8666682960906417,1.0,COC(=O)c1cc(O)c(O)c(O)c1 
-1.4948500442756094,1.0,CCCCCCOC(=O)c1ccccc1C(=O)OCCCCCC
-1.1365772781189025,1.0,c2ccc1nc(ccc1c2)c4ccc3ccccc3n4 
0.6933105060148157,1.0,CC(Cl)CCl
0.8811147785969604,1.0,Cc1ccc(N)cc1
-1.3725364923887764,1.0,Cc1c2ccccc2cc3ccccc13
-0.7397805586120122,1.0,CCOC(=O)c1ccccc1S(=O)(=O)NN(C=O)c2nc(Cl)cc(OC)n2
1.8080974060857518,1.0,Cc1cc(=O)n(c2ccccc2)n1C
0.9533471911285546,1.0,ClCC
0.16360614744979196,1.0,Nc1ccc(cc1)c2ccc(N)cc2
0.8040668718965933,1.0,CCCCOC=O
0.5199527159389898,1.0,COc1ccccc1O 
-0.4397752718974575,1.0,Oc1ccc(Cl)cc1Cc2cc(Cl)ccc2O
-2.1141225943798094,1.0,Clc1ccc(c(Cl)c1)c2c(Cl)ccc(Cl)c2Cl 
-0.8043081804735693,1.0,CCCCC(=O)OC3(C(C)CC4C2CCC1=CC(=O)C=CC1(C)C2(F)C(O)CC34C)C(=O)CO
-0.7291864714407111,1.0,CCN2c1nc(C)cc(C)c1NC(=O)c3cccnc23 
0.5006907392638981,1.0,CC(Cl)(Cl)Cl
-0.08198405515762798,1.0,Clc1cccc(Br)c1
-2.350081808649684,1.0,Clc1ccc(c(Cl)c1)c2c(Cl)c(Cl)c(Cl)c(Cl)c2Cl
0.2136872868050306,1.0,COc1ccc(cc1)C(O)(C2CC2)c3cncnc3 
-0.7946771921360236,1.0,CCCCCCCCCCCC(=O)OC
-1.1221307956125837,1.0,CCC(=O)OC3CCC4C2CCC1=CC(=O)CCC1(C)C2CCC34C 
-0.7705997212921586,1.0,CCCCCc1ccccc1
0.4573512917449416,1.0,CCSCc1ccccc1OC(=O)NC 
-0.06753757265130925,1.0,CC12CC(O)C3C(CCC4=CC(=O)C=CC34C)C2CCC1(O)C(=O)CO
0.9774246619724194,1.0,Oc1cccc(c1)N(=O)=O
1.6082543980816746,1.0,O=C1CCC(=O)N1
0.5729231517954921,1.0,COC(=O)c1ccccc1
1.9549699782333267,1.0,Oc1ccncc1
1.07517919359851,1.0,Cn1ccc(=O)[nH]c1=O
-0.13013899684535746,1.0,Cc1ccc(C)c(C)c1
0.41401184422598497,1.0,ClCC(Cl)(Cl)Cl
-1.151023760625221,1.0,c2(Cl)c(Cl)c(Cl)c1nccnc1c2(Cl) 
-0.27460382190854565,1.0,CC(C)(C)C(=O)C(Oc1ccc(Cl)cc1)n2cncn2
-0.02467967454923008,1.0,CCSCCSP(=S)(OC)OC
-0.5298250128535115,1.0,Cc1ccc(C)c2ccccc12
1.8731065773641866,1.0,CCOC(=O)N
0.17323713578733785,1.0,c1cnc2c(c1)ccc3ncccc23
-0.7677104247908951,1.0,CCN2c1ncccc1N(C)C(=S)c3cccnc23 
0.587369634301811,1.0,NC(=O)c1ccccc1O
1.6901177989508147,1.0,CCC(C)O
-1.338828033207366,1.0,Clc1c(Cl)c(Cl)c(N(=O)=O)c(Cl)c1Cl
1.2181993704110665,1.0,CC(C)CCO
-0.5876109428787868,1.0,CC(C)CC(C)C
0.5488456809516274,1.0,ClC(Br)Br
-0.6766975850010865,1.0,Cn2cc(c1ccccc1)c(=O)c(c2)c3cccc(c3)C(F)(F)F
-1.078791348093627,1.0,Clc1ccc(cc1)c2ccccc2Cl 
1.7093797756259064,1.0,CCc1ccccn1
1.7238262581322255,1.0,COP(=O)(NC(C)=O)SC 
-0.06320362789941365,1.0,CN(C)C(=O)NC1CC2CC1C3CCCC23
-0.0723530668200821,1.0,Clc1ccccc1Br
1.5148338112074795,1.0,CNC(=O)ON=C(SC)C(=O)N(C)C
0.9003767552720523,1.0,CCC(CC)CO
1.6034389039129018,1.0,C#C
-0.6550278612416083,1.0,c1c(Br)ccc2ccccc12 
-1.7751118048981944,1.0,c1ccc2c(c1)c3ccccc3c4ccccc24
-0.2697883277397728,1.0,c1ccc2ccccc2c1
0.2262075716438404,1.0,CCCC
-0.7946771921360236,1.0,CCCCCCCCCC(=O)OC
-0.7994926863047965,1.0,Oc1ccc(Cl)cc1C(=O)Nc2ccc(cc2Cl)N(=O)=O
1.006317626985057,1.0,NC(=O)NCc1ccccc1 
0.11545120576206272,1.0,CNC(=O)Oc1cccc2CC(C)(C)Oc12
-0.7368912621107483,1.0,Clc1ccc(Cl)c(Cl)c1Cl
0.10582021742451682,1.0,Cc1ccc(cc1N(=O)=O)N(=O)=O
-0.38536018779032327,1.0,CCCCCC
1.497498032199897,1.0,NNc1ccccc1
0.3658569025382557,1.0,Oc1ccc2ccccc2c1
-1.0354519005746707,1.0,O=C1c2ccccc2C(=O)c3ccccc13
-1.7529605317218389,1.0,C1c2ccccc2c3ccc4ccccc4c13
0.6644175410021781,1.0,Nc1ccc(Cl)cc1
-0.9728504763806222,1.0,CCCCCCCCBr
-2.2922958786244085,1.0,c1ccc2c(c1)c3cccc4ccc5cccc2c5c43
0.9003767552720523,1.0,ClC(Cl)Cl
-1.1991787023129508,1.0,CCCCN(CC)c1c(cc(cc1N(=O)=O)C(F)(F)F)N(=O)=O
0.5392146926140816,1.0,CC(C)CCOC(=O)C
-0.4291811847261572,1.0,OC(C1=CC2C5C(C1C2=C(c3ccccc3)c4ccccn4)C(=O)NC5=O)(c6ccccc6)c7ccccn7 
-1.2521491381694527,1.0,ClC2=C(Cl)C3(Cl)C1C=CCC1C2(Cl)C3(Cl)Cl 
-0.029013619301125677,1.0,O=N(=O)c1ccccc1N(=O)=O
0.3995653617196662,1.0,CCC1(C(C)C)C(=O)NC(=O)NC1=O 
-0.8201993112305203,1.0,CC34CCC1C(CCC2CC(=O)CCC12C)C3CCC4O 
-0.5442714953598304,1.0,CCc1cccc2ccccc12
1.8201361415076842,1.0,OCC1OC(O)C(O)C(O)C1O
0.837775331078004,1.0,CCCC(=O)CCC
-1.2136251848192692,1.0,Clc1cc(Cl)c(Cl)cc1Cl
-2.5812255287507853,1.0,CCCCCCCCCCCCCCCC
1.0352105919976946,1.0,CCCCC(C)O
1.0525463710052771,1.0,Cc2cnc1cncnc1n2
0.5970006226393568,1.0,OC(Cn1cncn1)(Cn2cncn2)c3ccc(F)cc3F 
-0.1253235026765844,1.0,CC1CCCC1
-0.2649728335709997,1.0,c1ccccc1NC(=O)c2c(O)cccc2
-1.3479774721280346,1.0,CC(=O)CC(c1ccc(Cl)cc1)c2c(O)c3ccccc3oc2=O
0.3995653617196662,1.0,Cc1ccccc1
-0.789380148550373,1.0,Cc1cccc2c(C)cccc12
-0.2553418452334538,1.0,CCN(CC)C(=O)C(C)Oc1cccc2ccccc12 
1.2663543120987957,1.0,Nc1ccccc1
-1.6133112008274235,1.0,Clc1ccc(cc1Cl)c2ccccc2 
0.16553234511730114,1.0,CCC1(C(=O)NC(=O)NC1=O)C2=CCC3CCC2C3
-0.3034967869211833,1.0,ClC(Cl)(Cl)C(Cl)(Cl)Cl
0.9894633973943517,1.0,COc1ccccc1OCC(O)COC(N)=O
0.6210780934832215,1.0,CCCOC(=O)CCC
1.324140242124071,1.0,ClCCC#N 
-1.6951746016965634,1.0,Clc1ccc(cc1)c2ccc(Cl)cc2 
0.5729231517954921,1.0,COc1ccccc1
0.2984399841754345,1.0,Cc1c[nH]c2ccccc12 
0.47179777425126035,1.0,CC(C)=CCCC(C)=CC(=O)
0.05188668273425982,1.0,c1cC2C(=O)NC(=O)C2cc1
0.4573512917449416,1.0,C=CCC=C
-0.23607986855836205,1.0,CCCCN(CC)C(=O)SCCC
1.1425961119613313,1.0,NC(=O)c1cnccn1
0.8185133544029122,1.0,Nc1ccc(cc1)S(N)(=O)=O
-1.839639426759752,1.0,ClC1CC2C(C1Cl)C3(Cl)C(=C(Cl)C2(Cl)C3(Cl)Cl)Cl
-0.28423481024609154,1.0,Clc1ccc(Br)cc1
0.10582021742451682,1.0,Cn2c(=O)on(c1ccc(Cl)c(Cl)c1)c2=O
-0.04201545355681247,1.0,c1ccccc1n2ncc(N)c(Br)c2(=O)
-0.3757291994527774,1.0,CCCC/C=C/C
1.247092335423704,1.0,CSC
1.3771106779805735,1.0,CC(C)C(C)O
-1.0450828889122163,1.0,Clc1cccc(Cl)c1c2ccccc2 
0.3851188792133473,1.0,CCCCc1c(C)nc(nc1O)N(C)C 
-1.5218168116207378,1.0,Nc3cc2c1ccccc1ccc2c4ccccc34 
0.2907351935053978,1.0,Cc1cc(=O)[nH]c(=S)[nH]1
-1.3532745157136845,1.0,Cc1cccc2c1ccc3ccccc32
1.0207641094913757,1.0,CC(C)CC(C)(C)O
0.7385761512012814,1.0,Cc1c[nH]c(=O)[nH]c1=O 
1.0544725686727863,1.0,CN(C)C(=O)OC1=CC(=O)CC(C)(C)C1 
-2.0418901818482156,1.0,Clc1cccc(c1Cl)c2cccc(Cl)c2Cl
-0.3660982111152315,1.0,CN(C)C(=O)Nc1ccc(Cl)c(Cl)c1
-0.2408953627271351,1.0,O=N(=O)c1cccc2ccccc12
-0.15903196185799512,1.0,CCCc1ccccc1
0.5262128583583946,1.0,Oc2ncc1nccnc1n2
-0.0723530668200821,1.0,Cc3ccnc4N(C1CC1)c2ncccc2C(=O)Nc34 
-0.7368912621107483,1.0,CC34CCC1C(CCC2=CC(=O)CCC12O)C3CCC4(O)C#C
0.12989768826838144,1.0,CCc1ccccc1
1.7156399180453115,1.0,CCN(CC)C(=O)C(=CCOP(=O)(OC)OC)Cl
-2.350081808649684,1.0,Clc2c(Cl)c(Cl)c(c1ccccc1)c(Cl)c2Cl 
0.44723875399051827,1.0,OCC(NC(=O)C(Cl)Cl)C(O)c1ccc(cc1)N(=O)=O
-1.5396341400451976,1.0,COP(=S)(OC)Oc1ccc(Sc2ccc(OP(=S)(OC)OC)cc2)cc1
2.2246376516846116,1.0,CC(=O)N
0.4573512917449416,1.0,CC(C)I
-1.0113744297308056,1.0,CCCCSP(=O)(SCCCC)SCCCC
-1.0176345721502105,1.0,CCN2c1cc(OC)cc(C)c1NC(=O)c3cccnc23 
0.332148443356845,1.0,CC(C)C1CCC(C)CC1=O
-0.6405813787352893,1.0,ClCC#CCOC(=O)Nc1cccc(Cl)c1
-1.5102596256156828,1.0,c1cc2ccc3cccc4ccc(c1)c2c34
1.9549699782333267,1.0,Oc1ccccn1
0.3417794316943909,1.0,CC(=C)C
-2.2248789602615875,1.0,Clc1ccc(c(Cl)c1Cl)c2c(Cl)cc(Cl)c(Cl)c2Cl 
-0.9781475199662728,1.0,O=C1N(COC(=O)CCC)C(=O)C(N1)(c2ccccc2)c3ccccc3
-0.7368912621107483,1.0,COP(=S)(OC)Oc1ccc(SC)c(C)c1
0.2406540541501591,1.0,ClC(=C(Cl)Cl)Cl
0.2705101179965513,1.0,COc1nc(NC(C)C)nc(NC(C)C)n1
-2.0409270830144606,1.0,ClC1=C(Cl)C(Cl)(C(=C1Cl)Cl)C2(Cl)C(=C(Cl)C(=C2Cl)Cl)Cl
1.160413440385791,1.0,ClCCl
-0.5153785303471929,1.0,CCOP(=S)(OCC)SCSCC
-0.5539024836973765,1.0,ClC(Cl)(Cl)C(NC=O)N1C=CN(C=C1)C(NC=O)C(Cl)(Cl)Cl 
0.057665275736787355,1.0,N(Nc1ccccc1)c2ccccc2 
-0.11087702017026567,1.0,CC(=O)CCC1C(=O)N(N(C1=O)c2ccccc2)c3ccccc3
-0.8500553750769122,1.0,COC(=O)Nc1cccc(OC(=O)Nc2cccc(C)c2)c1
-1.1365772781189025,1.0,ClC(Cl)C(Cl)(Cl)SN2C(=O)C1CC=CCC1C2=O 
0.6981260001835886,1.0,CC(C)Br
-1.0850514905130315,1.0,CC1OC(CC(O)C1O)OC2C(O)CC(OC2C)OC8C(O)CC(OC7CCC3(C)C(CCC4C3CCC5(C)C(CCC45O)C6=CC(=O)OC6)C7)OC8C 
1.5360219855500805,1.0,CCOC=O
-1.0547138772497626,1.0,Cc1c(C)c(C)c(C)c(C)c1C
-2.0274436993418967,1.0,Clc1ccc(Cl)c(c1)c2ccc(Cl)c(Cl)c2
1.1267049812043803,1.0,OCCOc1ccccc1
-2.008181722666805,1.0,Clc1cc(Cl)c(cc1Cl)c2cccc(Cl)c2Cl 
0.12989768826838144,1.0,Cc1ccc(C)cc1
-0.08198405515762798,1.0,CCc1ccccc1C
1.4194870266657753,1.0,ClCC#N
0.5006907392638981,1.0,Fc1cccc(F)c1
-2.471432261702762,1.0,CCCCCCCCCCCCCCCCCCCC
0.8907457669345064,1.0,O=Cc1ccccc1
-0.13976998518290334,1.0,Oc1c(Br)cc(C#N)cc1Br 
0.3851188792133473,1.0,CC(C)SC(C)C
-0.3709137052840046,1.0,CCOc2ccc1nc(sc1c2)S(N)(=O)=O 
0.06729626407433326,1.0,Oc1ccc(cc1)C2(OC(=O)c3ccccc23)c4ccc(O)cc4 
0.3417794316943909,1.0,Cc1ccccc1N(=O)=O
1.0641035570103323,1.0,C=CCS(=O)SCC=C
0.10582021742451682,1.0,Cc1cccc(C)c1
-0.8476476279925257,1.0,CCCCCCCCCCCCO
0.332148443356845,1.0,CCOC(=O)c1ccc(O)cc1
1.1218894870356075,1.0,CCC(C)CCO
-1.261780126506999,1.0,CC12CCC(=O)C=C1CCC3C2CCC4(C)C3CCC4(O)C#C 
0.674048529339724,1.0,ClC(=C)Cl
-4.122183662758127,1.0,Clc1c(Cl)c(Cl)c(c(Cl)c1Cl)c2c(Cl)c(Cl)c(Cl)c(Cl)c2Cl 
-0.39017568195909635,1.0,CCNc1nc(Cl)nc(NC(C)C)n1
-2.6245649762697414,1.0,c1ccc2cc3c4cccc5cccc(c3cc2c1)c45
0.9075999965252116,1.0,Nc1cc[nH]c(=O)n1 
-0.2938657985836374,1.0,CC(C)C(C)C
0.32733294918807215,1.0,CCCCC#C
1.2711698062675687,1.0,C=C
0.5030984863482845,1.0,COP(=S)(OC)SCC(=O)N(C)C=O
0.21513193505566255,1.0,O=C1NC(=O)NC(=O)C1(C(C)C)CC=C(C)C
-1.5656378085565716,1.0,CC1(C)C(C=C(Cl)Cl)C1C(=O)OCc2cccc(Oc3ccccc3)c2
0.5392146926140816,1.0,Nc1cccc2ccccc12
1.17485992289211,1.0,CC(=O)OCC(COC(=O)C)OC(=O)C
1.3578487013054816,1.0,CCN(=O)=O
1.3819261721493465,1.0,Oc1ccc(O)cc1
0.32251745501929907,1.0,CCCCBr
-0.6453968729040622,1.0,OC(c1ccc(Cl)cc1)(c2cncnc2)c3ccccc3Cl
-0.5057475420096469,1.0,Cc3nnc4CN=C(c1ccccc1Cl)c2cc(Cl)ccc2n34
1.777278243405605,1.0,CNC(=O)C=C(C)OP(=O)(OC)OC
-0.17347844436431387,1.0,Cc1cc(C)cc(C)c1
0.3417794316943909,1.0,CCOc1ccccc1
-0.3660982111152315,1.0,Cc1cc(ccc1NS(=O)(=O)C(F)(F)F)S(=O)(=O)c2ccccc2
0.5199527159389898,1.0,CC1(C)C2CCC1(C)C(=O)C2
0.751096436040091,1.0,ClCC(Cl)Cl
0.46216678591371446,1.0,c1(O)c(C)ccc(C(C)C)c1
1.588992421406583,1.0,CC#N
-1.16547024313154,1.0,Clc2ccc(Oc1ccc(cc1)N(=O)=O)c(Cl)c2
-0.8476476279925257,1.0,CC(=O)OC3(CCC4C2CCC1=CC(=O)CCC1C2CCC34C)C#C
-2.4078677386749585,1.0,C1c2ccccc2c3cc4ccccc4cc13
1.0544725686727863,1.0,OCC2OC(Oc1ccccc1CO)C(O)C(O)C2O
0.5729231517954921,1.0,CCCCOCCCC
0.7992513777278205,1.0,Cc1ccc(O)cc1C
0.014325828217830947,1.0,CCCCCCCCCO
-0.1975559152081787,1.0,CC12CCC3C(CCC4=CC(=O)CCC34C)C2CCC1C(=O)CO
-1.264669423008263,1.0,OC(c1ccc(Cl)cc1)(c2ccc(Cl)cc2)C(Cl)(Cl)Cl
1.4637895730184864,1.0,CCCCO
0.5392146926140816,1.0,CN(C)c1ccccc1
-2.841262213864524,1.0,Clc1ccc(Cl)c(c1)c2c(Cl)c(Cl)c(Cl)c(Cl)c2Cl
0.4929859485938613,1.0,CCC(C)C1(CC=C)C(=O)NC(=O)NC1=O
0.7077569885211344,1.0,CNC(=O)Oc1ccccc1C2OCCO2
1.001502132816284,1.0,Oc1ccc(C=O)cc1
1.1170739928668347,1.0,CCCOC(=O)C
0.24884039423707308,1.0,CCC(C)n1c(=O)[nH]c(C)c(Br)c1=O 
1.9260770132206888,1.0,NC(=O)N
0.7896203893902746,1.0,CCCC(O)CCC
-1.1173153014438106,1.0,CCN2c1cc(Cl)ccc1NC(=O)c3cccnc23 
0.17516333345484705,1.0,O=C1N(C2CCC(=O)NC2=O)C(=O)c3ccccc13
0.08655824074942504,1.0,CN(C)C=Nc1ccc(Cl)cc1C
0.42653212906479476,1.0,CS(=O)(=O)c1ccc(cc1)C(O)C(CO)NC(=O)C(Cl)Cl 
0.17323713578733785,1.0,NS(=O)(=O)c2cc1c(NC(NS1(=O)=O)C(Cl)Cl)cc2Cl 
0.1973146066312027,1.0,NS(=O)(=O)c2cc1c(NCNS1(=O)=O)cc2Cl 
-0.39017568195909635,1.0,CC13CCC(=O)C=C1CCC4C2CCC(C(=O)CO)C2(CC(O)C34)C=O 
-0.21344704596512937,1.0,CN(C)C(=O)Nc1ccc(C)c(Cl)c1
0.38993437338212034,1.0,Cc1ccccc1Br
0.9774246619724194,1.0,CC(C)COC=O
0.837775331078004,1.0,Oc1cccc(Cl)c1Cl
0.10582021742451682,1.0,C=Cc1ccccc1
-0.4816700711657822,1.0,COP(=S)(OC)Oc1ccc(N(=O)=O)c(C)c1
1.4637895730184864,1.0,c1ccccc1O
-0.9584039938743036,1.0,ClC(Cl)CC(=O)NC2=C(Cl)C(=O)c1ccccc1C2=O
2.2198221575158383,1.0,CO
0.9437162027910087,1.0,CC=C
0.31770196085052627,1.0,N#Cc1ccccc1C#N
-0.31794326942750223,1.0,Cc1cccc2ccccc12
0.17516333345484705,1.0,CSc1nc(nc(n1)N(C)C)N(C)C
-0.8909870755114822,1.0,CN(C)C(=O)Nc2ccc(Oc1ccc(Cl)cc1)cc2
-0.03382911346989852,1.0,CCc1ccc(C)cc1
0.2676208214952876,1.0,Cc1[nH]c(=O)n(c(=O)c1Cl)C(C)(C)C
-0.16384745602676798,1.0,CC(C)OC(=O)Nc1cccc(Cl)c1
-1.5651562591396941,1.0,Clc1ccc(cc1)c2cccc(Cl)c2Cl 
0.7318344593649992,1.0,CC(C)CCOC=O
0.3788587367939425,1.0,O=C1NC(=O)NC(=O)C1(CC)CC=C(C)C
0.33262999277372224,1.0,O=C2NC(=O)C1(CCCC1)C(=O)N2
0.8233288485716851,1.0,c1ccsc1
0.33792703635937255,1.0,CC1(C)CON(Cc2ccccc2Cl)C1=O
-0.053091090144990305,1.0,Oc1cc(Cl)c(Cl)c(Cl)c1Cl
0.1250821940996086,1.0,c1ccc2c(c1)cnc3ccccc23 
-0.11087702017026567,1.0,CC(C)c1ccccc1
-0.6887363204230186,1.0,O=C1N(COC(=O)C)C(=O)C(N1)(c2ccccc2)c3ccccc3
0.3995653617196662,1.0,Oc1cc(Cl)c(Cl)cc1Cl
-1.2521491381694527,1.0,c1(C#N)c(Cl)c(C#N)c(Cl)c(Cl)c(Cl)1
-0.03864460763867157,1.0,O=C(c1ccccc1)c2ccccc2
0.9822401561411922,1.0,CI
-1.651835154177607,1.0,Clc1ccc(Cl)c(c1)c2cccc(Cl)c2Cl 
0.26473152499402375,1.0,Cc1ccc(cc1)N(=O)=O
0.8714837902594146,1.0,OCC1OC(C(O)C1O)n2cnc3c(O)ncnc23
0.004694839880285054,1.0,CCN(CC)c1ccccc1
-0.15614266535673124,1.0,CN(C)c1nc(nc(n1)N(C)C)N(C)C
0.18912826654428874,1.0,CCC(C)C1(CC(Br)=C)C(=O)NC(=O)NC1=O 
-0.8139391688111154,1.0,c3ccc2c(O)c1ccccc1cc2c3 
-0.16384745602676798,1.0,O=C2CN(N=Cc1ccc(o1)N(=O)=O)C(=O)N2 
-1.5704533027253444,1.0,O=C1N(COC(=O)CCCCCC)C(=O)C(N1)(c2ccccc2)c3ccccc3
0.17323713578733785,1.0,C=CCCC=C
-0.16384745602676798,1.0,CCCCCCCCC(=O)OC
0.332148443356845,1.0,CCCCCC(=O)OCC
0.22139207747506734,1.0,CCCCC(=O)CCCC
-0.8775036918389181,1.0,CCOP(=S)(OCC)ON=C(C#N)c1ccccc1
-0.2880872055811099,1.0,COc2cc1c(N)nc(nc1c(OC)c2OC)N3CCN(CC3)C(=O)OCC(C)(C)O 
-1.9118718392913459,1.0,Cc1c(C)c2c3ccccc3ccc2c4ccccc14
0.7944358835590475,1.0,Cn1c(=O)n(C)c2nc[nH]c2c1=O
1.1267049812043803,1.0,Oc1ccc(Cl)cc1
0.2551005366564781,1.0,FC(F)(F)c1ccccc1
-0.8259779042330475,1.0,CCOP(=S)(OCC)SCSC(C)(C)C
1.6515938456006312,1.0,C1OC(O)C(O)C(O)C1O
-0.6742898379167,1.0,CCCCCCC=C
-0.9993356943088736,1.0,CCCCCCCCOC(=O)c1ccccc1C(=O)OCCCCCCCC 
-0.1879249268706328,1.0,CN(C)C(=O)Nc1cccc(c1)C(F)(F)F
0.27917800750034266,1.0,CC(C)=CCC/C(C)=C\CO
-0.14940097352044923,1.0,CN(C(=O)NC(C)(C)c1ccccc1)c2ccccc2
0.3080709725129804,1.0,CC(=C)C(=C)C
-2.3900504102504994,1.0,CC(C)C(Nc1ccc(cc1Cl)C(F)(F)F)C(=O)OC(C#N)c2cccc(Oc3ccccc3)c2
-0.6357658845665165,1.0,CCCC(C)(C)C
0.33696393752561804,1.0,Oc1c(Cl)cc(Cl)cc1Cl
-1.8974253567850274,1.0,Brc1cc(Br)c(Br)cc1Br
0.18383122295863846,1.0,O=C1NC(=O)NC(=O)C1(CC)CCC(C)C
0.332148443356845,1.0,CCOC(=O)c1ccccc1C(=O)OCC
1.324140242124071,1.0,CCCC(C)O
1.415634631330757,1.0,O=Cc1ccco1
0.09137373491819788,1.0,OC(C(=O)c1ccccc1)c2ccccc2
0.21657658330629448,1.0,c1(O)cc(O)ccc1CCCCCC
1.757534717313636,1.0,NC(=O)c1cccnc1 
-0.6405813787352893,1.0,C1CCc2ccccc2C1
-1.2983778821896734,1.0,CCOP(=S)(OCC)SCSc1ccc(Cl)cc1
-0.19803746462505595,1.0,NS(=O)(=O)c1cc(ccc1Cl)C2(O)NC(=O)c3ccccc23
-2.3693437853247756,1.0,CCCCCCCCCCCCCC
0.9533471911285546,1.0,CC1=CC(=O)CC(C)(C)C1 
1.160413440385791,1.0,CC(C)OC=O
-0.6559909600753627,1.0,CC12CCC(O)CC1CCC3C2CCC4(C)C3CCC4=O
-0.07716856098885515,1.0,Cc1cccc(C)c1C
-0.597241931216333,1.0,Oc1c(Cl)c(Cl)c(Cl)c(Cl)c1Cl
0.3061447748454712,1.0,Nc3nc(N)c2nc(c1ccccc1)c(N)nc2n3
-0.6001312277175969,1.0,CC(C)N(C(C)C)C(=O)SCC(=CCl)Cl
-2.7305058479827466,1.0,Clc1cc(Cl)c(c(Cl)c1)c2c(Cl)cc(Cl)cc2Cl 
-0.2558233946503313,1.0,COc1cc(cc(OC)c1O)C6C2C(COC2=O)C(OC4OC3COC(C)OC3C(O)C4O)c7cc5OCOc5cc67
0.8425908252467769,1.0,CC(Cl)Cl
0.34563182702940926,1.0,CCC1(C(=O)NC(=O)NC1=O)c2ccccc2 
0.2406540541501591,1.0,Oc1cccc2ncccc12 
0.4091963500572121,1.0,Nc1cccc(c1)N(=O)=O
0.5098401781845665,1.0,CSCS(=O)CC(CO)NC(=O)C=Cc1c(C)[nH]c(=O)[nH]c1=O
1.0785500395166512,1.0,CC(C)CC(C)O
0.6836795176772698,1.0,ClCCCCl
-0.3641720134477223,1.0,O=C3CN=C(c1ccccc1)c2cc(ccc2N3)N(=O)=O
-0.8476476279925257,1.0,CC(C)C(C)C(C)C
-0.7802307096297046,1.0,CCOP(=S)(OCC)Oc1ccc(cc1)N(=O)=O
0.5199527159389898,1.0,ClC=C(Cl)Cl
0.8233288485716851,1.0,CC(=O)Nc1ccccc1
0.32733294918807215,1.0,CNC(=O)Oc1ccc(N(C)C)c(C)c1
1.406003642993211,1.0,CC(C)C(=O)C
